No,Tanggal & Waktu,Nama Produk,Harga Diskon (Rp),Komisi (%),Estimasi Cuan (Rp),Diskon/Badge,Rating & Terjual,Link Affiliate Shopee,URL Gambar Cover,Judul Pin Pinterest (AI),Deskripsi Pin (AI),Hashtags,Status Posting
1,"18/08/2026, 13.52","MYKONOS ALL VARIAN DECANT | 3ml 5ml 10ml ORIGINAL SHARE IN JAR Parfum Tahan Lama",22900,34.5%,7900,34.5% Komisi,"⭐ 4.9 | 5RB+ terjual",https://s.shopee.co.id/aff_mykonos_001?sub_id=pinterest_pins,https://images.unsplash.com/photo-1594035910387-fea47794261f?auto=format&fit=crop&w=600&q=80,Decant Parfum Mykonos Original Share in Jar 3ml 5ml 10ml,"Solusi coba varian parfum Mykonos sebelum beli full size. Botol kaca spray steril dengan seal anti bocor.

• Harga mulai: Rp 22.900
• Komisi Affiliate: 34.5% (Komisi XTRA)
• Rating: 4.9 dari 5.000+ pembeli
• Cek list aroma lengkap di link produk.",#ParfumMykonos #DecantParfum #RacunShopee #ParfumLokal #ShopeeHaul,Ready to Post
2,"18/08/2026, 13.52",Rambut Kering Elastin Curl Cream Melembabkan Tidak Lepek Vitamin Styling,78000,41.5%,32370,41.5% Komisi,"⭐ 4.9 | 4.2RB+ terjual",https://s.shopee.co.id/aff_curl_002?sub_id=pinterest_pins,https://images.unsplash.com/photo-1522337360788-8b13dee7a37e?auto=format&fit=crop&w=600&q=80,Curl Cream Elastin Perawatan Rambut Gelombang & Keriting (Rp 78.000),"Cream penata rambut ikal dan bergelombang agar bentuk ikal lebih tegas dan bebas kusut tanpa terasa lengket.

• Harga: Rp 78.000
• Komisi Tinggi: 41.5% Komisi XTRA
• Rating: 4.9 di Shopee
• Klik tautan produk untuk pesan.",#PerawatanRambut #CurlyHairCare #HairStyling #RacunShopee,Ready to Post
3,"18/08/2026, 13.52",Qeela.Official - Celana Sweatpants Loose Pria Celana Panjang Casual Jogger Training,35000,16.5%,5775,16.5% Komisi,"⭐ 4.8 | 10RB+ terjual",https://s.shopee.co.id/aff_qeela_003?sub_id=pinterest_pins,https://images.unsplash.com/photo-1552902865-b72c031ac5ea?auto=format&fit=crop&w=600&q=80,Celana Sweatpants Loose Fit Pria Casual Dailywear (Rp 35.000),"Sweatpants bahan baby terry tebal dan adem untuk santai, kuliah, atau olahraga ringan. Pinggang karet elastis dengan tali serut.

• Harga promo: Rp 35.000
• Status: Sampel Gratis & Komisi XTRA (16.5%)
• Terjual: 10RB+ pcs
• Cek ukuran celana di link toko.",#SweatpantsPria #CelanaSantai #OOTDCowok #ShopeeHaul,Ready to Post
4,"18/08/2026, 13.52",RAINGEL - Sepatu Sneakers Lokal - FORT - Maroon Retro Vintage Casual Pria Wanita,215900,10.5%,22670,10.5% Komisi,"⭐ 4.9 | 10RB+ terjual",https://s.shopee.co.id/aff_raingel_004?sub_id=pinterest_pins,https://images.unsplash.com/photo-1549298916-b41d501d3772?auto=format&fit=crop&w=600&q=80,Sepatu Sneakers Lokal Retro Suede Maroon Raingel FORT (Rp 215.900),"Sneakers buatan lokal dengan material suede sintetis kombinasi kanvas tebal. Outsole karet mentah anti licin dan empuk untuk jalan seharian.

• Harga: Rp 215.900
• Status Toko: Shopee Mall (Original 100%)
• Terjual: 10.000+ pasang
• Cek panduan size chart pada link produk.",#SepatuLokal #SneakersPria #LokalPride #OutfitRetro #ShopeeHaul,Ready to Post
5,"18/08/2026, 15.56",Shopee,34500,-,0,99%,"⭐ 4.8 | 7RB
Penilaian",https://shopee.co.id/product/1055144108/28681890308?sub_id=pinterest_pins,https://down-id.img.susercontent.com/file/id-11134207-822wm-mnpqfzsqm5msa7.webp,Shopee (Rp 34.500),"Rekomendasi Shopee untuk look sehari-hari. Desain simpel, bahan nyaman dan potongan pas.

• Harga: Rp 34.500 (diskon 99%)
• Rating: 4.8 dari 7RB
Penilaian
• Buka link produk untuk melihat detail toko dan ulasan aslinya.",#ShopeeLook #OutfitInspo #KoreanStyle #RacunShopee #AestheticRoom,Ready